<?xml version="1.0" standalone="no"?>
<manifest identifier="completionExample" version="1.0" xmlns="http://www.imsglobal.org/xsd/imscp_v1p1" xmlns:adlcp="http://www.adlnet.org/xsd/adlcp_v1p3" xmlns:adlseq="http://www.adlnet.org/xsd/adlseq_v1p3" xmlns:adlnav="http://www.adlnet.org/xsd/adlnav_v1p3" xmlns:imsss="http://www.imsglobal.org/xsd/imsss" xmlns:xsi="http://www.w3.org/2001/XMLSchema-instance" xsi:schemaLocation="http://www.imsglobal.org/xsd/imscp_v1p1 imscp_v1p1.xsd&#xD;&#xA;			http://www.imsglobal.org/xsd/imsss imsss_v1p0.xsd&#xD;&#xA;			http://www.adlnet.org/xsd/adlcp_v1p3 adlcp_v1p3.xsd&#xD;&#xA;			http://www.adlnet.org/xsd/adlseq_v1p3 adlseq_v1p3.xsd&#xD;&#xA;			http://www.adlnet.org/xsd/adlnav_v1p3 adlnav_v1p3.xsd">
  <metadata>
    <schema>ADL SCORM</schema>
    <schemaversion>2004 3rd Edition</schemaversion>
  </metadata>
  <organizations default="org_wisconline_112242">
    <organization identifier="org_wisconline_112242">
      <title>كتب الفقهاء الحنفية</title>
      <item identifier="flashcardItem" identifierref="flashcardItem_resource">
        <title>كتب الفقهاء الحنفية</title>
        <imsss:sequencing>
          <imsss:controlMode choiceExit="true" />
          <imsss:deliveryControls completionSetByContent="true" objectiveSetByContent="true" />
        </imsss:sequencing>
      </item>
      <imsss:sequencing>
        <imsss:controlMode flow="true" />
      </imsss:sequencing>
    </organization>
  </organizations>
  <resources>
    <resource identifier="flashcardItem_resource" adlcp:scormType="sco" href="index.html" type="webcontent">
      <file href="index.html" />
      <file href="lib/SCORM_API_wrapper.js" />
      <file href="lib/ScormHelper.js" />
      <file href="lib/jquery-1.11.1.min.js" />
      <file href="lib/createjs-2015.11.26.min.js" />
      <file href="src/createjs.min.js" />
      <file href="src/game-part1.js" />
      <file href="src/game.js" />
      <file href="src/test.html" />
      <file href="src/Assets/120Button.png" />
      <file href="src/Assets/5MinButton.png" />
      <file href="src/Assets/60Button.png" />
      <file href="src/Assets/90Button.png" />
      <file href="src/Assets/Card.jpg" />
      <file href="src/Assets/click.mp3" />
      <file href="src/Assets/click.wav" />
      <file href="src/Assets/clockBack.png" />
      <file href="src/Assets/clockHand.png" />
      <file href="src/Assets/complete_success.wav" />
      <file href="src/Assets/GameOver.mp3" />
      <file href="src/Assets/goodTone.mp3" />
      <file href="src/Assets/greenButtonOutline.png" />
      <file href="src/Assets/level-up.mp3" />
      <file href="src/Assets/markerPlacement.mp3" />
      <file href="src/Assets/matchgameBackground.png" />
      <file href="src/Assets/matchgameBackground8x6.png" />
      <file href="src/Assets/matchingGameFeedbackBox.png" />
      <file href="src/Assets/mechanical-2_01.mp3" />
      <file href="src/Assets/MemoryBG.png" />
      <file href="src/Assets/memoryCONSOLE.png" />
      <file href="src/Assets/memoryMatchIcon.png" />
      <file href="src/Assets/MemoryMatchText.png" />
      <file href="src/Assets/MemoryMatchText2.png" />
      <file href="src/Assets/openingInstructionPanel.png" />
      <file href="src/Assets/openingInstructionPanel2.png" />
      <file href="src/Assets/roundStartButton.png" />
      <file href="src/Assets/_cardBack.png" />
      <file href="src/Assets/_cardFace.png" />
    </resource>
  </resources>
</manifest>